artist_id,artist_name
隔壁老樊,12429072
柏松,31876221
薛之谦,5781
林俊杰,3684
陈奕迅,2116
许嵩,5771
颜人中,31376161
en,32220939
沈以诚,12002248
徐秉龙,1197168
李荣浩,4292
华晨宇,861777
林宥嘉,3685
毛不易,12138269
宝石gem,12084497
阿冗,30116848
尚士达,13608761
枯木逢春,30284835
汪苏泷,5538
解忧邵帅,29392693
张学友,6460
王嘉尔,1083118
接个吻，开一枪,12085016
王小帅,29069586
王巨星,32399227
焦迈奇,12084229
Lil Ghost小鬼,12493781
郭顶,2843
永彬Ryan.B,12448205
葛东琪,12136078
尤长靖,13058503
小咪,30616479
cv初恋,33191836
张国荣,6457
赵雷,6731
张杰,6472
巧乐兹,31255686
陈阳,28602303
Ice Paper,12121264
王力宏,5346
福克斯,1199064
李代沫,4393
许巍,5770
张敬轩,6462
王恩信Est,12904290
杨宗纬,6066
井胧,31253654
周杰伦,6452
刘德华,3691
刘聪KEY.L,12788674
浪子康,12570153
朴树,4721
周柏豪,6479
潘玮柏,4723
张宇,6469
王泽科,12091048
陈鸿宇,1058228
王以太,12236125
吕口口,28304831
虎二,12286700
阿虾,31093891
张紫豪,13906123
马良,13609637
周兴哲,980025
林啟得,12003125
吴青峰,187229
张震岳,6453
G2er,12027122
李克勤,3699
Lambert,31668975
BigYear大年,12227290
法老,865007
艾热,1203045
周传雄,6652
Jony J,784257
吴亦凡,964108
徐梦圆,1142042
周深,1030001
马雨阳,826336
萧忆情Alex,1132127
Todd Li,12268138
杨和苏KeyNG,13899303
Ayo97,12287118
千里狗,12538467
摩登兄弟刘宇宁,1094010
陈雪燃,14420803
陶喆,5196
胡彦斌,3066
野区歌神,15060490
蒋蒋,188694
谭咏麟,5205
简弘亦,5001
陈小春,2112
阿'Quan,31093298
周华健,6456
陈泫孝（大泫）,13933117
赵砚卿,32846313
张泽熙,28633062
光泽,12136042
安筱冷,28387245
隔壁老樊,12429072
沈以诚,12002248
徐秉龙,1197168
毛不易,12138269
宝石gem,12084497
阿冗,30116848
尚士达,13608761
枯木逢春,30284835
解忧邵帅,29392693
接个吻，开一枪,12085016
王小帅,29069586
焦迈奇,12084229
巧乐兹,31255686
陈阳,28602303
福克斯,1199064
王恩信Est,12904290
井胧,31253654
刘聪KEY.L,12788674
浪子康,12570153
王以太,12236125
吕口口,28304831
虎二,12286700
阿虾,31093891
张紫豪,13906123
马良,13609637
林啟得,12003125
G2er,12027122
BigYear大年,12227290
艾热,1203045
徐梦圆,1142042
Todd Li,12268138
Ayo97,12287118
千里狗,12538467
野区歌神,15060490
阿'Quan,31093298
张泽熙,28633062
吉野千夜,13449630
隆历奇,12065015
南子,13796614
孟凡明,12270575
大壮,12146142
杜宣达达达,12060040
沈虫虫,12275389
$CC731,1159101
姜鹏Calm,13793914
еяхат музыка,13286745
承利,1140028
可有道,30476442
Abdulla Abdurehim 阿不都拉,30709773
刘思鉴,12798217
逆时针向,12128251
暗杠,1198010
C.vo,12185665
苏靖凯,27906095
崔铭嘉,13681463
排骨教主,12083175
LookedatHerFore,13610762
羽肿,12094419
齐一,1159045
ICE,13145283
张小九,12002056
Corki,14608268
MOMINJAN_ABLIKIM穆明江,12570017
DJ阿超,30600467
YKEY,12083570
广东雨神,12760978
刘炫廷,12157298
张小伙,12699514
巴音汗,12464053
张雪飞,12138252
SeanT肖恩恩,12071015
浪子鹏鹏,30477866
大喜,12270100
ZzHhOoUuZzHhAaNnGgYu,12497529
蔡耀轩,30000267
Lil Jet,12079066
前男友,12287780
田新宇,28611837
栗先达,12027624
李欣龙啊,13113634
马也_Crabbit,13288861
大傻DamnShine,12605500
钱正昊,12118230
黑崎子,12282733
徐真真,12094099
太一,12156137
李佳隆,12079219
Razz_,30129806
周佳顺,12002137
阳山伟伟,12641107
功夫胖KungFuPen,12453329
于大海（于黑蛋）,12460308
邓壬鑫,12306430
新秀,12357157
RoiMarch,29581111
刘莱斯,12205361
Buzzy,12094558
DJ阿福,12050038
AlimjanHasan,12367021
李学仕,12349011
安筱冷,28387245
阿杜,1876
平凡的艾岩,1012032
HAS AThree,1087200
Assen捷,187295
阿木,1881
Atom Panda,12037042
安琥,1879
阿牛,1877
abduwali tohti,1132222
阿信,1875
阿杰729,1106124
艾索,860734
阿鲲,2422
A路人,1132013
爱乐团王超,10998
安来宁,802016
安浩辰,13222299
阿力木江·托合提,1058073
傲日其愣,12441083
阿良良木健,964311
Fumos,1080022
阿金和玄子,14469086
安苏羽,12132566
阿力普,804159
阿见,762462
阿炳,1885
阿来,784443
阿尔法,1102011
阿摩司,1047066
Azoy,1081117
安浩唏,28085543
Allfine,1122109
Andy Mei,12074017
阿宝,1873
AP满人,1919
阿德,1910
阿尔达克,1045019
艾斯卡尔,1886
艾羽,28102547
ANY安伟,13012223
akbar ahmat ziba,1049340
阿穆隆,1888
AJ张杰,6713
安神,1980
阿力木,12054096
阿吉仔,1905
AiPi ,1054175
艾克拜尔·吐尔地,229593
阿里,1893
艾尼瓦尔江,1047377
安东阳,1945
Arivval,12046022
艾文同学,14098477
Akbar Kahriman,1084038
阿沁,1872
阿译,1961
陌逸轩,1053043
阿狸,1039377
AL=六甲官锭,727015
艾山江·木合塔尔,12039231
Alex Hong,12870537
阿清,1912
阿四龙,1021394
AKA道长,1039594
AC周予天,1161024
Annco.Liu,1054144
A3,893266
奥杰阿格,1925
敖日格乐,862110
曹翟,832010
ABSDJHONG,1075100
阿强,1882
安平,854301
阿龙正罡,1906
阿爆,1904
安亚晨,27695719
积木立方,1050612
Kadirya,1060224
阿振,1902
阿尔曼,12108783
阿勇泽让,1907
艾伦,12334206
DJ-Varc,1878
艾克里里,12053547
傲日其楞,12311249
YoungDrake,1054102
Anchoe,1039416
AHJOL''RAHEM HALIP,1039871
李傲然Ao.D.Fish,1072035
Ap,203228
阿影,12203229
安然,12942194
Animal Pop,1081603
安乐阳,1155078
阿普萨萨,677006
敖犬,12263222
Akber,1040062
AseLOrDa,1081930
ANNER,805076
半阳,30405247
白小白,12356407
Bilal Enwer,1039011
布瑞吉Bridge,12493701
毕雯珺,13058487
卜凡,13058488
变奏的梦想,1085053
HAS SAM努尔夏提,839689
白宇,12091076
白举纲,909029
白亮,1084207
白嘉峻,29500595
Braska,1048054
白宁,1050807
冰块先生,1054040
白挺,1047238
Black.Key,12259146
暴林,2098
布仁巴雅尔,2026
波拉,2087
贝汯璘,13059430
白玛多吉,2063
包威尔,1094177
白谭,30530394
拜合提亚bahtiyar aziz,1131033
伯爵,2066
白泽,12263329
包朝克,2033
白敬亭,12041068
百慕三石,2048
薄彩生,816079
贝乐虎,30109388
血男孩,2103
鲍比达,2034
笨笨口琴,1053147
边江,12457194
音墨泽,13568181
博仔,28900233
包胡尔查,1132200
白天不亮,2055
孛儿只斤·包迪,12090249
鲍鹏,12279094
拜尔,2056
B.C.W.懒领阶级,1057198
BlurryCloud,1038371
BrAnTB,12523451
卞留念,2049
巴图,12647412
薄云天,14714187
Viper毒蛇,1044102
Beatsound,2104
白静晨,12817024
贝玛千贝仁波切,2032
BigKey,868113
巴顿,1078363
白菜,14100563
白羽,2060
Ballrockin,1081918
白客,1047011
波比,1032406
毕书尽,2059
白凯南,12263538
包伍,2061
贲小伟,12646188
北疯,14100790
斑辣个马,1060060
巴图,1150216
包贝尔,11992127
白音孟和,2050
BLOW,12108685
白勺,12107259
BackToBand,12344330
卜凡,900335
包青山,1057274
白悟言,12607112
周迪,1060124
Blindman,1040104
北戴河蔡各庄小学合唱团,28085512
北京蓝天艺术合唱小组,29148257
B6,2025
卜文武,12421010
BK532,1087669
边远,1032373
白龙,2071
BuddahKillah,12309204
Bloody Woods,228408
BOWZ 豹子胆,15023268
贝歌,1038088
波仔,1047265
白兮晨,30616567
百灵,13498726
百川,2030
鲍元恺,2073
BEC包子,1047057
白金,2054
Barry,2101
YoungBoyDan,12493121
北木森,27692361
表哥,13706227
Bikman,1065002
陈奕迅,2116
陈鸿宇,1058228
陈雪燃,14420803
陈小春,2112
陈泫孝（大泫）,13933117
陈柏宇,2127
陈硕子,12079044
陈柯宇,12095299
陈百强,2115
CLOUDWANG 王云,12131566
侧田,2117
陈势安,2201
陈立农,13056440
陈威全,2199
蔡旻佑,2121
陈翔,2331
曹格,2110
丛铭君,12634049
陈楚生,2124
成龙,2118
Candy_Wind,1084178
陈冠蒲,2150
R7CKY,1044054
陈学冬,963409
陈信喆,12132471
曹轩宾,2159
陈鹏杰,189379
茶茶,1038074
陈冠希,2122
陈光荣,2294
CORSAK,28083351
Cee,31055
崔健,2111
崔伟立,14100493
蔡国权,2130
陈致逸,963431
常石磊,2153
陈红鲤,12879051
陈晓东,2125
船长,2338
传琦SAMA,1043290
CG,14470079
曾一鸣,6557
陈旭,2147
车继铃,2113
陈飞宇,12474254
陈勋奇,2135
蔡威泽,13228454
陈奕夫,964450
陈雷,2141
陈坤,2134
川子,2131
CARTA,12023426
陈伟霆,2164
陈柏霖,12010027
曾志伟,6608
蔡维泽,28103230
陈其钢,2202
曾志豪,6862
陈俊彤,168021
Chace,1041027
曹方瑞,12312092
陈亮,224360
林童学,28085360
曾经艺也,900139
陈少华,2209
陈浩民,2138
曹越,2414
崔京浩,2276
蔡方萌,1046063
蔡照,1132979
曹思义,1043304
曹槽,941023
陈晓,826307
曹秦,2448
陈劭康KOMIC,2428
蔡国庆,2119
程池,2336
陈令韬,854358
曹寅,168042
岑先生,29150296
茶季杨,1014024
蔡志展,2375
厨房仔,1149014
陈知&游园惊梦,1152025
才让东珠,958173
崔跃文,991003
陈赫,727005
陈奂仁,2133
陈底里,2174
陈百潭,2278
陈玮镔,12488046
陈零九,2348
陈雅森,2230
陈彦希REGI,14713124
崔忠华,12617485
春雷,2224
曾航生,6521
崔鹏,1049254
陈泽鑫,13080644
雷智皓,12059017
DP龙猪,12333145
董又霖,12054456
迪克牛仔,2516
大张伟,2524
DJ马哥,12250324
戴荃,791534
dj,12291332
队长,1143033
浩宝,1135138
邓伦,12440042
东南,671001
Dough-Boy,1203015
东篱,2699
蛋堡,2514
邓超,2623
Dizkar (地磁卡）,28072811
刀郎,2517
豆心,12902436
窦唯,2515
大鹏,188681
多亮,2607
杜德伟,2522
DELA,1088061
冬子,896942
董昱昆,1087662
东来东往,2518
丁泽仁,13058489
邓川,2617
杜佳阳,12787446
杜海涛,189918
大星,12629402
丁可,2569
冬子,2513
DJ建斌,1053107
DJ张扬,1038381
旦增尼玛,28083561
丁于,2545
单色凌,5068
DJ阿奇,12194338
大哲,2614
代理仁,2632
单海锋,927045
邓烺怡,13056441
丁世光,12894239
董子健,12273260
烛鷷大魔王,1049022
德格叶,1057162
大冰,2578
大一学长,27695243
DJ宝贝,2527
蛋卷,1079143
东山少爷,2520
DJ,12154277
戴玉强,2525
杜歌,783379
董冬冬,947023
邓健泓,2531
邓力玮,12311533
董运昌,2519
于亮,1050280
DJ YiXiu ,1025229
迪迪,30618393
Mr-Brilliance,1060122
刁寒,2528
丁冠森,12040073
邓伟标,2521
杜天皓,12046643
大琴师音乐游戏,1058138
窦智孔,2562
CHYUCE,1075130
杜聪,2548
单小源,2591
狄奥尼索斯,11428
丁一潇,12202469
杜青,12048310
DjCore,1039543
DJ小杨,1055010
狄易达,2888
邓鼓,12137020
旦增才让,12810118
杜淳,2675
Dark Moon,1097163
滇津喇嘛,13497827
敌门,1085030
丁汀,2605
窦鹏,2526
dj皇家礼炮,1066056
DJ小鱼儿,1137192
段星宇,28083320
段宜恩,12047840
丁乔,955037
邓典,28083231
丁炜,2682
戴凤鑫,1046175
豆腐P,12107621
旦旦,896569
癫癫癫,31153662
Digifan,990092
大震,12566301
蔡翊昇,189955
哦漏,1085108
eliaqsopa,1039899
贰佰,896894
二龙湖浩哥,1192402
EDIQ,2714
Evis Wy,12370200
Elvins.J,1043383
EdJean,966153
Elfar,1089203
二文,2727
二亮哥,12263011
enderdz,1040044
ETIRAZ,1046270
二凉,905634
EACH9,1050341
EDEN,1019328
冉明阳,1049900
贰贝勒J.Forest,2720
“阿兰姐”,1080049
Egil Ellevill,12263400
Eveight,981041
Ezfic,2723
Easy Mind,816055
二辰,13195211
EDMarco,1053149
EXIA,1050576
治静E.N,905009
诶姆,2716
EC一平,12871192
Empty ORio,13971421
Eric Song,12404124
贰鹏,29356229
EAT扬扬,30109512
二龙,1050175
Eugene Pao,2730
EazyToo,2735
Entspannung Pur,30110310
Emily Hsieh,30617579
二夫,27888574
Ethan,30616419
EryXDY,1093034
Erick Blu,12743011
Electronic Dance Music,1047206
二飞,12332127
换号中bigbus,1031114
耳机,12170031
二向柚,975774
ElectronOscillator,1073043
enlil,2718
EI身份证,1039919
恩炀,2710
Emxi,1039579
ev,29356296
一针见喜,1038223
恩佐,28390340
E-Van,31153477
鹅王章祥福,27888504
Eudaimony,30109289
E&M经贸民谣,14099080
Enyx,29302237
Eggace,12492296
二少爷爷,27693297
俄比尔古,12213188
尔冬明,12403137
儿时玩具,1054116
ERIC,12363201
E.D.J HyunYu,1049964
EY魂,12074153
EC Robot,1039900
Eric,1135273
ElectricGirl,1039360
FM97-28,1049701
二宝,2728
耳东 ,1043309
E歌,2724
二玩家,938073
eclove23,2721
Ethen Chen,2717
法老,865007
方大同,2738
枫宇辰,12213335
费启鸣,30035218
范丞丞,13056442
费玉清,2747
方泂镔,2742
伏仪,12028291
方力申,2739
樊凡,2775
方磊,1163007
风子,1032016
范世錡,12356808
枫叶,27694696
范逸臣,2736
符家浚,956281
房祖名,2741
Fcyco,1024309
HAO付豪,1038367
付笛声,2768
coco这个李文,1085058
费翔,2743
冯佳界,957020
甫平,1081940
付辛博,2791
李汶峰,1020150
冯建宇,1132196
程渤智,842003
方洋飞,30892253
Firah,1081292
冯翰铭,228462
付浩天,1131048
冯晓泉,2754
樊少华,2793
冯绍峰,2816
范圣琦,2749
傅聪,2740
房亮亮,12202478
肥宝,2802
梵墨,1025042
林屿森LIN,1078032
方锦龙,2752
方逸伦,12644597
范恩,1043488
Forkyrie,1039404
冯巩,896230
范星光,2829
范宗沛,2737
范思威,2764
方毅,1084058
符致逸,2777
佛山DJ明仔,4544
房岩,13840462
冯德伦,2753
范忆堂,862024
付飞社,28391507
FreeT,30316233
冯言,2778
冯乔,2758
费清波,12451181
封浩彦MACKYO,4546
范振锋,2765
冯小波,1049257
方奕,2762
傅振辉,2757
FZ.方丈,12430082
范睿,2786
付豪,2827
绯太子,12325107
吠人,12250285
翻唱群星,13683991
Ferrison,1047027
FACEVÔID,1057234
肥坨坨FatToc,1124320
冯允谦,725039
冯舆轩,28387442
Fattwo,1022050
FOM,1115016
冯果,12006244
冯傑龙,12332149
飞翔,2839
冯博,1041080
Faber,2788
范圣霖,2803
冯泽雨,2813
付一珩,12289150
Finn,2750
浮克,2761
傅松,818227
冯光,1016120
冯磊,2792
冯伟棠,2769
RocketBunny-火箭兔,30107315
符号,1047302
冯达,28391606
方书剑,31153490
浮游人-TonY,787065
Ca$hFlow,809018
傅超华,12023140
冯驿芙,11993031
郭顶,2843
葛东琪,12136078
光泽,12136042
古巨基,2849
GAI周延,1211046
光良,2842
G.G(张思源),12050057
鬼卞,1008034
郭旭,1044203
宫阁,12023517
郭富城,2852
苟瀚中,5311
关喆,2868
高尔宣,13497197
葛林,168010
Gill Chang,1177230
梁根荣,12213153
高安,2963
关大洲,13080288
郭德纲,2922
跟风超人,13058582
郭峰,2848
关楚耀,2861
高进,2863
顾峰,2874
高文强,1124172
关正杰,2853
GNS耀耀,1041024
甘仕良,2870
国风Dom.T,12399037
根呷,2959
郭子睿,11974118
谷嘉诚,13973042
高林生,2892
官鸿,27889345
国蛋,2947
郭一凡,2987
高泰宇,12197292
高枫,2856
龚一,2862
管平湖,2859
顾嘉辉,2850
古天乐,2844
尕让邓真,2994
高铭,1049033
高明骏,2846
023 GC,13228424
郭少杰,3007
郭子,2851
郭思达,12998047
高火火,12931831
谷江山,13497261
国哥,27695695
光合唱片,1043146
高旗,12023557
高鹏,2953
光头李进,2885
葛平,2981
哏德全,2867
郭浩男,2875
顾稚蔚,1132850
谷柏杉,820439
郭麒麟,12332258
高晓攀,12475595
高正洋,3042
格茸农布,2962
高向鹏,2887
郭伟亮,2847
顾振遐,30315465
格杰白玛,2979
高夫,2928
刮刮乐,2946
高凌风,2857
顾海滨,2878
过江龙,3020
关力瑒,12370146
官云康,1137380
高信,3029
郭纯,1053246
关德辉,2872
郭炳坚,2912
高晓松,2841
高英杰,187480
关峡,2931
郭颂,2911
郭京飞,1049027
关泽楠,2969
广智,2871
GrymeMan,975574
恭硕良,2890
歌浴森,2945
郭力,30472245
葛笑,12073830
关贵敏,2899
高华阳,12274269
嘎玛西周,905095
高韶青,2960
Gordon扬豆仔,908209
GIGEL张津铭,13059434
关栋天,3031
华晨宇,861777
胡彦斌,3066
胡歌,3064
黄旭,12065096
河图,3249
Hanser,1049179
韩安旭,1177014
RA,12598950
胡夏,3273
郝云,3071
黄义达,3063
回音哥,3348
黄凯芹,3073
何野,30471284
后弦,3058
霍尊,3415
黄品源,3079
黄子韬,1025202
黄明志,3256
海来阿木,13159024
黄勇,3421
胡伟立,3081
韩磊,3072
黑龙,3118
海鸣威,3086
黑羊,1011192
韩庚,3272
洪尘,1006030
韩沐伯,12773144
黄雨篱,1081579
胡碧乔,1049349
黄霑,3059
黄玠,3070
黄艺明,3337
洪楗华,3224
黄榕生,12488022
何流,839761
黄安,3082
黄渤,3255
黄晓明,3094
韩寒,3085
胡鸿钧,3330
浩纹,12915311
黄礼格,1019154
晃儿,3307
黄新淳,13059437
贺一航,3181
霍建华,3120
海生,3311
胡蒎,12598388
何炅,3090
黄英华,3322
黄宗泽,3126
黄征,3093
Ghayrat Mahmut,1081917
黄家强,3116
何东东,13059435
洪雨雷,12487019
何柏诚,12379051
浩天,1182797
黄贯中,3080
火火兔,13972353
黄阅,3121
呼斯楞,3259
Howie Lee,94064
何润东,3112
何崇志,3378
火风,3250
何大河,1181165
胡兵,3162
洪启,3069
何星烁RapStar,1039086
侯明昊,12073309
何石,30617412
黄大炜,3068
胡德夫,3056
贺西格,3096
黄鹤翔,3166
黄国俊,3123
何晟铭,3276
何训田,3075
侯旭,3146
黄秋生,3076
韩毅,12458021
黄立行,3065
涵昱,1006027
黄磊,3061
慧普法师,3210
和弦,1081256
黄平,3424
前后动机直升机组合,1068009
何勇,3055
何鹏,3362
Jason Huang,1050409
韩雍杰,13056444
胡一天,12796041
海哲明,3408
黄书豪,13056448
灰原穷,3317
荷叶,12727068
ilem,11975111
Iceloki,1132544
iMoon,1038374
impossibleChuck,11987075
InfiniteMusic,956418
iCsuo,1047333
Isaac Yong,31524954
imeatART,900332
I N K 本墨导窒,133386
ilham丁丁,1039978
iimmune,1083022
IANNE,1039395
ibinbao,1031042
ianbird 吴冠亨,28085491
Inbellum,820494
"I,Defiance",1000135
iiiis,3438
Ian Yu,28390292
illusory李虚无,29356237
ins白日说唱家,13738116
IL CANTO,13707529
Imc王辰,12263528
Infernal Chaos,13430213
Izumi koga,1161208
Ilya Ai Wei,1050737
irevan,1081840
IMAGINE,1039393
Inspiration Crowd,1049076
Intangible Ism,3445
IMCUICUI,1044068
Impractical Scraps,1031052
蒋蒋,188694
简弘亦,5001
金志文,166014
黄明昊 (Justin),13057497
金贵晟,827163
姜玉阳,3459
Jason Chen,3535
姜育恒,3456
江映东,29148309
江南诚,1047078
姜贰拾,1071076
江涛,3464
蒋大为,3452
J-Sleeper性感的拖鞋,789380
姜凯文,30316310
J.R.G.,1182757
金6,12262268
蒋明,3558
JZN,28085561
J. Sheon,187010
贾盛强,27694332
江潮,1015710
JR Fog,3526
贾昱,12488044
JK.Chen,1097081
居来,1063007
金瀚,30618494
蒋志光,3453
金培达,3536
几米,3450
俊俊,13839019
江智民,3600
井柏然,3539
靳松,3528
贾鹏芳,3454
JK LEE,13226406
精气神制作,187394
精神领袖佛爷,12369108
姜鹏,3466
贾凡,31155447
金润吉,905426
吉克曲布,1049680
JV陈政文,12634598
贾乃亮,1106073
JZlee,1098154
贾巴阿叁,1038368
JOHN$,12914018
蒋劲夫,1081155
纪晓斌,3613
J-ONE,13059443
伽里,13059438
小简,1099005
鞠起,3537
金复载,3562
景岗山,3499
解小东,5839
坚持者,187203
解晓东,187061
靖佩瑶,13056451
家家,190079
江得胜,3463
姜京佐,13059442
蒋山,3594
JeamsKing,1124432
君君,3504
姜洋,3521
贾涛,729003
纪粹希,1038398
JOE WANG,225978
姜潮,1049408
蒋月泉,3511
聚来提,12488021
金玥,3576
金城武,3451
甲雍,3591
JIANG.x,1060009
Jeff李,3515
觉醒爷爷,13500157
贾鹏新,3534
金学峰,3498
进恩哥,1084122
$NGK,12526089
靳东,1156032
苏珂,792823
极泷,3524
君子,3572
江都子,12279763
九御kyuugo,1057168
金久哲,3563
吉克杰拉,1047250
江凯文,3461
金宇晨,999454
井宁,1039055
姜昆,3541
吉杰,3462
蒋敦豪,1038352
金泽,3551
宸毅,982004
甲雍喇嘛,1156277
金熙泽,1050231
KBShinya,1047064
卡修Rui,862058
可有道,13737107
柯镇恶,12261311
Kafe.Hu,12024274
K ELEVEN,12493703
凯玟桑,1019172
柯有伦,3617
孔舒航,13974121
康天庥,27694228
康梓峰,3670
卡卡,3625
KenT,3616
克尔曼,3658
孔令奇,3619
康硕Kenny,911042
柯受良,3614
柯暮卿,3672
柯智棠,991002
康康,3627
孔东东,12048189
柯震东,3654
KEVSER,12811143
K2,12467220
康康,686006
阚立文,5980
卡斯Kas$,222404
孔岱山,1081372
孔垂楠,1019155
Keyshawn Binean,1060093
KT,3651
昆虫白,3649
KillerBlood,868001
宗儒,1080047
空城mill,13972448
孔祥东,3624
凯撒,3641
K乐,28387568
张童,1135192
凯文,12356071
Kositu,3643
堪布贝玛千贝仁波切,1038242
开松法师,1161004
克里木,3621
康万生,3623
Koowho,1081974
科尔沁夫,3646
杨文博Poe,1069015
Killazer,1043220
柯羽,3626
康桥,12290110
KNXER,1099008
康榕,12048059
柯智豪,11974222
孔宏伟,3620
KB,1088051
Rayyy,1050581
库亦晨,1050144
Kz,3640
抗癌露露,27693543
Karma Kid,758285
K邵庄,1132845
康然,3642
康武军,12107391
Know Hope Collective,3636
K.Scarlet,12467039
恐龙李,3639
康志雄,12171212
Ken-Ming Yang,1094139
Kitson Lau,12869562
孔一兵,961279
口琴ok,1046036
亢帅克,3680
K'桑,1039553
卡列宁,1079139
可力,13222461
孔锵,3638
凯歌,1049889
康乐亥牙,30109610
康成,12945681
坤鹏,3644
孔熙俊,1039757
寇麟,12073350
Knopha,12061058
开克尔曼尼,3661
郭凯文,15249167
Kit.Tam,1039449
邝雨翔,12086178
柯海霞,13021354
邝鉴萍,12061236
KNNNT,29150357
Kael 鹿帆,1044036
张晓天,12408142
Kalen邱志凯,1049872
康绍云,12400042
堪布松柏仁波切,13499905
kico,1043285
Foobar,1047200
空气球,3630
开鹏程,994003
林俊杰,3684
李荣浩,4292
林宥嘉,3685
Lil Ghost小鬼,12493781
李代沫,4393
刘德华,3691
李克勤,3699
李宗盛,3683
伦桑,981141
李健,3695
李圣杰,3705
梁博,166010
林志炫,3692
林俊呈,30107224
廖俊涛,13022016
李常超 (Lao乾妈),12359437
林子祥,3706
刘昊霖,4171
罗志祥,3694
梁汉文,3722
蓝波,932053
卢冠廷,3697
刘梓炎,791331
李俊佑,12080400
刘旭阳,1025271
卢广仲,3690
刘心,4080
卢焱,12523349
老狼,3682
李易峰,3765
黎明,3701
林奕匡,4084
六哲,4069
赖冠霖,31153220
刘允乐,3848
柳爽,1060132
灵超,13056454
罗大佑,3686
李玉刚,4130
刘可,3812
罗文,3698
李现,12602151
李行亮,4093
鹿晗,1038093
林彦俊,13058498
李雪莱 ,1040035
流浪的蛙蛙,1047239
林超泽,13059447
CADY,1047298
李子阳,1021328
Lil Boo,1043161
李森茂,1039839
吕方,3723
李权哲,13056453
林志颖,3704
梁晓雪,4006
李希侃,13057676
骆集益,4125
李琦,893267
冷漠,4015
陆定昊,13056456
刘嘉亮,3747
赖伟锋,4055
刘佳,4188
李绍继,3768
李朝,12675220
Lu1,4037
刘锦泽,791054
六月,12263292
刘欢,3688
廖效浓,1051026
李俊毅,13059444
刘辰希,4320
李志辉,4047
李炜,4089
陆虎,3793
李硕,12010120
李维,3752
罗艺恒,855488
林依轮,3799
李智,1039750
刘维,229341
励志豪,813095
刘胡轶,3871
梁雨,4464
梁朝伟,3715
Lamp Ho,12349677
刘宇,30891244
李艺皓,12066116
蓝乐,744274
郎朗,3707
林峯,3702
李秉成,12457105
吕思清,3762
李琛,3827
罗百吉,3732
老虎欧巴,905491
刘浩龙,3751
李明霖,936007
卢小旭,3952
马雨阳,826336
摩登兄弟刘宇宁,1094010
满舒克,188141
MC Hotdog,4479
麦振鸿,4569
麦浚龙,4483
马思唯,1132392
MuSik I,1049168
慕寒,12413
Mc光光,187903
闫东炜,4621
Mario,1038238
马天宇,4485
Max马俊,13415208
毛宁,4486
孟大宝,1050630
冰鑫,1043170
木子洋,13056459
森田,12114132
毛毛,4552
M80,792162
Mr.岑,1041122
莫西子诗,896927
馒头,4513
满文军,4488
慕斯の小乖,1049174
MyT1aN,1089210
Mr.16罗隽永,1060200
梅粮新,1039222
Merdan Ablikim,1063055
MJ-7,12389238
Mardan·omar（买尔旦·吾买尔）,1132719
马頔,4592
chill boy,571797
猫饭,189932
马条,4480
寐加岛,12136063
马融,1058114
MC七星,13485144
满江,4481
MC-5,1043199
Mc名决,12335229
孟可,1156176
马上又,4527
马伯骞,12914544
孟子坤,13497629
Mc阿哲,12084382
Mc轩颜,12263877
马潇,858161
门小强,12024162
马博,4651
莫染,4578
MC仁,4489
Mc苏刚,1039663
木梳,1182160
孟维来,30470286
Mc楚新,12506190
马闯,4532
马浚伟,4490
mAjorHon,896274
Mc阳子,12132083
面筋哥,13971031
马如龙,203214
喵步小雨中,957152
方仔Rich John,1105059
马三立,4561
Mc画师,12233014
蒙面哥,817036
面具锋,13923069
Melo,29304235
漠城,1032310
茉莉僧,816093
MLK麋鹿王国,12091064
MILLAN,1049093
Matzka玛斯卡,11976077
MC星辰,12154030
马常胜,4538
马丁,4607
麻吉弟弟,4482
漠心藤,12061030
MC阿泽哥,12515196
马念先,4492
马海生,4533
梅岭,4566
苗雨,1038382
Mc熙阳,12309156
Mllano,1053118
麦子杰,4496
MC武帝,12309126
幕人,12263031
马志明,4568
马季,894087
马旭东,4619
牟天任,27695688
苗阜,896782
Muma木马,12064064
梅兰芳,4548
孟广禄,4574
马戏团小丑,789391
马德钟,4508
那吾克热-NW,12514278
泥鳅Niko,990051
NL不分,190349
Noicybino,1074042
宁桓宇,980113
南宫嘉骏,4678
南风ZJN,985227
倪安东,4672
Nurmuhammat Tursun,12049020
Nurim Kuanix,12049170
Nellee,1039882
牛建党,4656
宁夏,1049392
南风（姜海龙）,4662
Nayim.Nabi,1050258
你样哥,12908088
南风,30894239
牛歌,12091030
南玛子呷,1053166
南城二哥,804367
宁林,1019301
南瓜饭,1046339
拿哥,12196231
尼格买提·热合曼,12776731
还没睡醒的DiDi,1050110
嫩桃弟弟,1057144
奶猴子,12108665
南派三叔,12098066
聂枫,12312084
倪可,14055176
Neko,29302224
聂远,1049185
南明东,14713145
聂禹,4666
南拳妈妈弹头,27813407
倪力,935138
牛牛,1001005
Nencol ,189831
No.6,1050265
宁峰,4677
奶油小生,27693341
尼多,13644134
霓虹爱神Neon Eros,30892388
南卓仁波切,4686
牛骏峰,12042046
乃日戈,1041070
埖小迪,797362
暖场小粽子,1027039
男森RAP,1124323
怒道诗情,28391235
嗯哼,13580194
Nacid,1019357
娘吾加,28897355
牛朝阳,4665
牛王,29500423
男众法师,12408261
钮大可,4660
逆风而行,1040204
奶昔,27694545
南涩雨,1039680
倪敏然,862131
南建雄,1062006
南宫,12348450
南昌Djkevin,27695986
Nano33号,1039848
弄青_Leon,29596520
南一,1079101
南味SOUTHFEEL,1044122
Ntz,30618288
宁新兵,1181764
南芊羽,13192098
纳兰萌达,29490668
Nic-BOOM,1019003
糯米,4669
尼块,1193191
南初,29150288
NANCY,220970
农面哥,13971260
霓歌,13643094
NEMY金属怪兽,1039297
暖猫,29354223
NO.59,1040026
聂杰铭,356702
牛冰,1054031
宁群,27694175
NEWYOUNGGO,12209024
倪洁,28390532
诺一,12335177
男子汉乐团,4664
Inspiration,1000103
男神,27693670
聂琳峰,4667
牛牛凯,30616388
Noiser luo,4659
泥丸,1041003
NGC,12262225
牛欢,12107162
Nathan Pelupessy,1049159
楠飞,29150298
NEOSO,15255223
欧得洋,4693
OB03,12060060
欧阳靖,4694
欧豪,896460
欧阳尚尚,4715
欧翠峰,4695
OG ROLLY,12493704
欧汉声,4700
Okna Tsahan Zam,4691
黄秋颖,1066075
欧阳青,4705
欧俊诚,15023173
欧阳俊,12996970
OCULAR,1024400
OWL Records,1087808
Ops.7,1044086
讴洋,13643049
one0none,28899259
Orientlic,3665
osman mamitimin,12049171
Oscar,4692
ORI,14098645
欧阳圣康,15024239
OK绷,12488167
欧霖,12279524
欧阳文宸,12062259
欧阳浩瀚,4697
HeOho,12469061
OC Jimmy,30615508
欧阳雄波,13734113
欧锦衡,28390404
欧阳屌宏Willow,1124169
Octave 20,4712
讴歌,4719
欧阳德勋,4696
欧阳原野,14057095
欧阳阿成,30615428
欧阳兆桦,13023779
欧拍乐,14098024
欧阳基,12279035
欧华,11992096
昭和三色_,1057079
欧阳曹亮,1024100
OG-K,229959
OscillatorZ,758364
欧阳巽涛,4707
Ones Day,4720
欧牧优诺,28085334
欧中建,4708
欧阳皖,12213242
欧阳清风,4704
ODYSSEY_,1135222
欧阳大江,30618433
欧阳光,1049806
欧景智,13160089
OP.X,1039334
欧宇轩,12279033
欧华成,4714
ODd,12067017
欧育齐,4706
Ordy,1132265
欧阳辉,4698
欧尔格力,851769
欧元,4717
欧昌彬,4713
朴树,4721
潘玮柏,4723
Pianoboy高至豪,4726
鹏泊,11974049
品冠,4755
Panta.Q,1050465
潘柯夫,4764
庞龙,4725
彭钧,4759
Pahirdin-Rahman帕合热丁,1041119
平安,4777
帕尔哈提,1024310
PSY.P,29303235
彭于晏,4752
潘广益,1046460
潘松和,1047180
潘长江,4732
潘安邦,4731
彭坦,4722
PoKeR,12080220
潘粤明,12054555
彭昱畅,12145025
潘晓峰,5809
Wanbless,975410
彭飞,1049684
李峥,867021
平远,4761
彭锐,1081420
彭子龙,28387259
蒲巴甲,4733
彭楚粤,13972112
刘森林,1049757
Pudding_PD,31330249
潘雨轩,1077048
橙汁studio,1132712
park,849055
炮哥,14470145
彭健新,4728
彭成,13080326
牌晓亮,30405235
庞晓宇,4757
Peter Lai,4756
派伟俊,1178287
PDP,4776
屁孩 Ryan,28276386
彭柯,4771
潘裕文,4724
潘高峰,797002
潘斌龙,11992123
P2Pover,1132019
Phany,1077015
潘鹏展 ,1039016
彭远扬,4775
潘寅林,686007
Penguin Wang,1124514
Polymath9,1047024
彭冠英,1049209
彭宇星,15023261
潘协庆,4727
飘张,4750
庞明昊,13429083
Chatomato,4778
Peterovic,1075125
彭帅,28391597
潘云安,12121083
咖咖,1038396
FBR,1039859
朴翔,12170246
彭宇,12008095
彭博,935112
潘劲东,4729
彭修文,4744
狍子,12475313
庞飞,13046208
Pancakelee,906049
彭高平,832021
Parkson博彦朝,12869643
彭为,4749
Pipy He,1043454
普乐民,29148357
普布次仁,4736
潘富顷,1081067
片旭·更松塔叶,12331138
潘云峰,228527
彭三,1044270
彭洛,12474781
葡桃,4730
潘军,4738
庞锟,854436
彭亮,4767
朴爱源,31155519
怕黑,4763
Young Jr.,1132869
PEATLE,12107301
培杰,11976085
平川,4786
庞哲,12462045
潘马达,1160037
胖姐瘦弟儿组合,28391220
朴一泽,4765
Jony J,784257
奇然,4873
邱振哲,12279998
祁闻冥轩,30617634
齐秦,4813
秦奋,12775210
乔任梁,4793
前冲,1071024
邱永传,4837
屈原,12776890
秦昊,1047440
乔佳旭,817039
祁圣翰,894026
祁隆,4833
区瑞强,4711
秋野,1043222
邱琢然,1057170
齐士扬,4848
秦立巍,4811
秦子墨,13058501
乔洋,4831
秋裤大叔,1047118
秦博,12007157
权振东,168002
邱锋泽,916042
乔杉,12525569
邱比（CHIU PI）,981008
齐晨,4863
齐峰,4797
邱胜翊,190494
裘盛戎,4829
裘繼戎子千,991161
邱英杰,11975215
七郎,4812
齐.宝力高,4815
Qara Etrapqa,12049173
邱治谐,13056461
秦万民,203034
邱霖Big L,1077018
齐会超,1043142
祺云法师,4851
秦景轩,1088058
区智健ONO,14923036
琪叔,1102124
祁岩,28391569
秦咏,4807
乔乾师,1131007
清云法师,12462405
齐旦布,4809
秦勇,189453
乞丐,12995546
浅蓝,1063018
乔军,900051
曲泉丞,4824
秦旭章,12218115
邱小龙,12441224
谦木,1053113
乔珊,4841
奇志,896234
七手,1089215
崎君,4861
青梅拉萨,13920104
气质傲,12532734
青山,4806
邱虹凯,28103379
乔嘉,4854
秦四风,12213092
祁富贵,12290292
乔振宇,226363
晴天,4828
浅堤,13429295
邱伟林,30035234
qasa,12475335
曲艺,1074004
邱杨,223761
邱泽,4796
祈合,1019302
秦永,4795
乔赫伦,12096248
乔晨,1087673
千草仙,1047241
陆本平,1039227
秦艺天,789928
钱程,12676109
曲迦仁波切,13642211
齐乐,12231097
乔子寒,27696000
青草地,14056282
秦麦洛桑活佛,1193200
七月的大喵,30891220
钱萌生,4802
气质陵晗,12525596
丘沛宸,12311245
青海华少,13226317
齐羽,12136066
齐羽嘉,12598090
邱添,1040020
齐霖,12095133
青岛小强,11976031
强歌,12263065
任贤齐,4895
任浩铭,4923
Riyat.Yusup（热亚提.玉苏甫）,1110009
Robot-Boy,1081483
饶威,12355767
容中尔甲,4883
任嘉伦,12274111
任路加,1019069
任东,1015114
戎祥,4896
Roh,1038361
RPZ,1039251
任宇翔,4926
Thunse,1081769
任和,4919
RYLIA,1063168
任震昊,4908
RPG,625242
任同祥,4905
热西·才让旦,4882
RYOTA 片山凉太,31064307
热亚提,13500622
阮经天,4898
任岩,4893
任重,1036007
Rapen罗仁麒,13057502
任向东,12074191
润土,4902
Ricky Ho,4917
Ronin,28083455
任立佳,12526504
饶宁新,4894
李旭,1081449
饶天亮,4901
阮以伟,4924
Xerls,1027034
仁青宫宝,916051
阮明杰,1089070
rap祥龙,14471196
任承浩,711587
瑞瑞,30530296
蔡小江,12198163
rovinabc,1078327
日波益西仁波切,4892
日京江羽人,4890
日道法师,12409239
阮兆祥,4888
仁科,4881
魜,1132068
任永恒,1049065
Remix Music TV,12131160
任柏儒,12154250
荣星宇,4922
任鲁豫,894015
Helix.T,975738
任健,1132402
Restonia,13197392
刃ASURA,4918
任阳,1040160
任子墨,12053410
任飞扬,861596
RCJacH,12031078
Robin Cised Woffis,1050432
任衍锟,1039206
荣子yJan,1086016
人生感悟,30107404
芮嘉言,12234069
如通居士,12409240
Rabbit-lcc,1132187
软木,1047272
Rise,12142123
Ray Lin,14884059
阮仕春,4920
染辰,27889242
任宏,28390327
EGOBOI,30618283
任鹏,4889
Redkey,99602
RRON,1040031
Talkbox Roc Kit,1063080
荣鑫,1039883
任意门,1116106
瑞彦·迷嘉尔 MIKHAÉL,1192304
Rap大军,12213118
R8o,12031270
任士荣,28390432
RoseKhalifa,1058126
任毅,29151301
任梦良,1039710
Rgry,28085575
任代兵,27694262
Runner,1058236
Rejor,1050397
REVOLVER山猫,1039352
Random Soul,187369
Roger,4884
戎梵,4891
孙悦鸣,1032315
任强,13971038
任军太,4911
Shang,1132749
沈谧仁,1178207
苏琛,1146106
孙楠,4941
三亩地,1044144
孙子涵,5103
孙耀威,4947
smile_小千,797087
宋冬野,5073
苏永康,4948
霄磊,12869694
胜屿,5047
Sbazzo,43515
Galaxy Knight,768266
孙伯纶,5022
苏凡,12184070
石头,5084
宋岳庭,4936
沙宝亮,4942
少恭,1037013
誓言,4959
scaredkrow,12976513
Yoken_Official,1047049
SEVEN TANG,12336312
SynBlazer,1098139
SOCO真,5087
孙晨,12126487
孙方,12870689
苏醒,4938
Keyso寿君超,5106
Soul,1039243
Upuk,1049990
爽子,4935
深七,1159133
斯外戈,28083380
沙皮,1041026
S9ryne ,1039650
Senpai,43884
书泽运,15022274
石进,5039
孙翔,13226089
孙八一,1089111
萨满,190497
苏有朋,4940
苏阳,4934
孙浩,5025
桑吉平措,5158
三木科,5000
SoulFa 灵魂沙发,30110421
山下直人,1047197
沈腾,1156455
诗者言辞,27695967
苏大大,13195159
圣结石,27693606
Silver Strike,12680069
沈震轩,896003
盛一伦,1192515
嵩宇哲Nature,12024179
沈煜伦,12925116
三宝,4943
施文斌,4951
宋捷,5015
孙红雷,12036058
李懋扬(T2o),820276
sususu,12364210
孙国庆,4968
索当珠,13161108
邵洪,12154080
孙浩然,13059449
水月,12024178
舒大卫,1132572
Shepqet,1081895
撒贝宁,5168
邵言,1081875
宋晓峰,1039716
依兴驰,787035
沈天行,30892252
索朗扎西,4964
沈懿,5008
Seanie P,12916043
Satchel,1132060
宋小宝,693018
孙辉,5018
孙晓磊,12031343
孙长老,1041137
税子洺,12122233
三郎,12006015
顺德,1078072
孙晔,5013
史小鹏,1047357
Heki,1132057
孙小宝,4976
孙川,5079
帅霖,818242
师鹏,5005
沈波,1040093
十年时间,1081368
沈文程,4953
沈文裕,5136
沈庆,4937
陶喆,5196
谭咏麟,5205
Tank,5195
唐汉霄,1087592
陶孟童,12492058
Ty.,1086078
陶峻汐,787107
屠洪刚,5200
田羽生,12931942
腾格尔,5198
唐伯虎Annie,1193004
童安格,5197
图特哈蒙,955095
邰正宵,5199
佟大为,5234
唐磊,5206
TSAR,1050510
Terry Zhong,1155005
唐禹哲,5227
谭杰希,5257
泰迪罗宾,5207
脱景麟,12488134
田一龙,5246
T.Song,12602331
TZ,12039096
汤潮,5203
Toby Davis,1050530
谭盾,5243
覃俊毅,13056460
仝卓,31156486
Toryondacloud,12870490
Umvt,1087265
谭炎健,5208
Lonzo,437343
汤子星,5247
唐永海,29151329
覃桢,908122
汤非,5274
Tolein,1039419
田亮,220920
The Lee's,5285
谭水明,1116074
TENG,1032152
佟铁鑫,5238
泰然,5316
田燚,28085237
屠颖,5231
塔斯肯,2000
TopManss,1046418
谭富英,5260
Taikes,1058065
覃元隆,670008
田家达,5232
汀洋,2579
谭炳文,5233
The8,12250256
TONY REY 凯睿,27695662
Traple赵凌峰,13059450
天舞,12975415
陶辰宇,817010
谭旋,962175
Theseus 忒修斯,13500260
TedJon,805086
The Lighters 萊特,15023211
唐人踢,5251
烧包谷,5284
唐建平,5317
田宇杨子,1043219
童孔,5201
TYRX,1132174
谭宝硕,5225
谈欣,5221
Tencent TIMI AUDIO,27692717
NPC,1088056
陶培力,5248
Tz-south,29488468
陶思哲,12409177
檀健次,1039199
Trojanese(魏宇凡）,12067068
铁热沁夫,5252
田娃,187966
汉堡（田野）,222813
Tonino祖力,1057175
谭建建,5277
唐尼,5213
谭耀文,5215
TORO,203383
唐龙,985262
天庥,1011107
田木易,29354330
田宝,1045039
提笔陈词,12289176
田源,12364168
佟梦实,12121259
唐鑫,826350
田校同,1064008
唐音工作室,791155
田振达,1049766
陶十八,5293
田博,1049639
逆流Group,1050140
Uncle Hu,1087332
Ulysses,1087008
UNDERAQUE,1040136
U记仝人,13158027
Cilantro_killer,1050281
USAGii,12675884
Uncle Martin,1039046
Uriah See,30243665
U.G,28390422
UP,237262
VESK GREEN 青菜,1049083
V.K克,5342
VISUDY,789949
Sound Page,1087294
VOGUE 5,14101634
Vacance.ZEN,1192469
Vanilla,12279905
Vous Records,1053284
VincentSax,1063151
V何杰V,15021141
Neo Zhang,1060100
Veeos,1050440
vinck,978071
Vol.2,14655580
Victor,29355335
Var3D,1050792
vanderCC,28420103
Volley,1040036
Vashon先生,14713159
Vegetarian Lion,1039828
Veronique B,14099343
Vorang王睿,29355222
VINEM,12903495
Vittoria Hilz,12412082
Vica_Scream,1050459
VANITAS,12323154
VeduYao,1045023
Vonenzo Baschello,12067038
Vanhci,817015
VICON,1135230
Vladimir Alexandrovich Lovchikov,30617577
名词,1132526
viky,12561869
VAIOTME,1106026
Vacen奕忠,11977081
VISIN,1044078
Vai,1051025
Houliiy,1040098
VOICHAN,1048033
Valentina Villarroel,776642
ven,1039825
汪苏泷,5538
王嘉尔,1083118
Ice Paper,12121264
王力宏,5346
王泽科,12091048
吴青峰,187229
吴亦凡,964108
伍佰,5354
王杰,5358
魏晨,5349
王一博,12871618
五音Jw,1047237
吾恩,966016
Winky诗,5568
王博文,827615
王宇良,12007112
王源,956386
翁梓铭,12122236
王俊凯,999220
L4WUDU,12488150
王子异,13058502
汪峰,5347
王冕,12302029
王北车,28083340
吾尊,1181154
王强,5427
翁大涵,1181775
王梦瑶,31154649
吴克群,5350
巫启贤,5359
W.K.,794040
伍思凯,5357
魏大勋,12144105
王晰,1058098
魏小涵,1023010
王梵瑞,5352
五色石南叶,5678
吴司令,29357279
王齐铭WatchMe,12320060
王广允,12488048
王艺翔,5499
王睿,5549
王童语,5531
吴奇隆,5356
王圣锋,12656186
王大痣,792664
王愚,1097092
王亚东,1032316
王祖蓝,5425
Toy王奕,1043093
吴宗宪,5360
万晓利,5345
吴忠明,5532
吴磊,13432218
武艺,5550
温兆伦,5365
王鹤铮,5444
王俊雄,5362
王帝,1154033
吴磊,11992064
王震,5520
王闻,5620
王宝强,5418
魏巡,12487017
王绎龙,5431
吴业坤,1047178
伍嘉成,13923085
王上,1047389
王骞Boc,787166
吴彤,5529
王鹤棣,12462214
吴欣睿,5546
韦礼安,5379
王朝,1039296
王铮亮,5518
Smelly D,1165056
吴希泽,27888364
汪定中,1049306
文颖秋（CΛNDY）,12122114
文子轩,1047281
王景飞,11977185
王宝,188556
汪东城,5670
完玛三智,5593
文劲松,1063066
翁立友,5388
伟东,12785065
文章,5600
王栎鑫,5370
王三溥,3669
WARISJAN ABDUREHIM,1041154
王备,5603
王晓天,896550
王建荣,1161188
韦星弟,5888
吴镇宇,187872
王大陆,12202284
王峰,12274169
王不火,12090205
乌达木,5700
薛之谦,5781
许嵩,5771
小咪,30616479
许巍,5770
萧忆情Alex,1132127
徐良,5929
新旭,12205044
萧敬腾,5768
夏天Alex,5944
小魂,1047088
西瓜JUN,1115075
夏小虎,1083049
小曲儿,5997
小阿枫,12977618
西奥Sio,1124093
许廷铿,5871
许冠杰,5782
萧煌奇,5774
西瓜Kune,1047348
许志安,5787
许一鸣,1035021
肖战,13972109
小来哥,12450235
小洲,1178126
谢帝,847107
徐圣恩,13059454
信,5769
新疆群星,1214021
许魏洲,12000097
小阿堂,12263331
徐子洋,12132342
绪尘,12219072
许镜清,813196
谢天笑,5767
小沈阳,5793
许天昱,12107630
西皮士,5780
夏子皓,12145073
谢旦,1049020
Young T,14920045
许绍洋,5806
西楼,1038353
Xun（易硕成）,5998
小少焱,1046333
熊天平,5775
潇梦临,1018121
萧全,6040
徐鲤,5894
肖家永,1046288
小肥,5798
谢天华,5897
小vie,1039518
谢霆锋,5773
晓华,12774907
小曾,5801
小河,5766
小艾EYE,12166196
小5,5924
小柯,5772
邪恶少年EB,5875
小右,189307
谢震廷,174009
徐大乐,1005028
小贱,5951
谢东,5849
箱子君,12061156
鑫哥,13080286
小宇,5776
徐嘉良,5810
小猛,5995
小安,5866
